label,city_id
Aguascalientes,ND47q350Tr_F3--HoUwTVA
Asientos,5ARs4UkP3ElRnO_NrpcZBA
Calvillo,BhHkgltpqs5-Nd8RdKsROA
Cosío,GiDP35la2gRLQimkFSz5KA
El Llano,ZV3VEYiuDqZtvL6T4VDTug
Jesús María,WO-Gdi43CIuXpKIEvIwejQ
Pabellón de Arteaga,E5OoAc0fA3KQJTOoGKm_Ww
Rincón de Romos,I9JyQtG2XwkkD7y9b-N1FA
San Francisco de los Romo,wJctf8BpeZ4SWGEX-UGq0g
San José de Gracia,dSGwcY-HqhBPhrY9Bik2bQ
Tepezalá,UK7CmoRT5x94g2OQjSLjTQ
Ensenada,NMT5WzgX25M6d3v_Nqtf-w
Mexicali,zyITjOU9Yom9ZnQAfX5G0A
Playas de Rosarito,O9dcn5a7t9JZuutXFIE4Ig
Tecate,OC1hz3ixDVgnz669gFHgTQ
Tijuana,MweuKLPCu1Aisz_UEziNrA
Comondú,RxuzjRGW1C-uWJWqf4HP9A
La Paz,M5lrBDw_PHCdWbxaLsZkxg
Loreto,nnaTb5pE8TcahTs7PCEH4g
Los Cabos,DBbWGq36bjtlkXuoQTKVnQ
Mulegé,5mk8dfYCS6Ss14H4sFYAPQ
Ciudad de México,UznFCUea0ID21C5fVQHmqA
Delegación Alvaro Obregón,tvEEGm2c3rcy55gC9LAgSA
Delegación Azcapotzalco,nl7QySq--dtOJtVgSN1eog
Delegación Benito Juárez,kReeh3pi1bZMErQUAqiLTw
Delegación Coyoacán,aTKx3py-rnA5XG-CMicBSQ
Delegación Cuajimalpa de Morelos,9xjA1_cH2q8ph30wgKxYLA
Delegación Cuauhtémoc,hI2J3cSqMpVzTgXFU2YIIw
Delegación Gustavo A. Madero,JsWFRD06tPqCzu3h0rfCQg
Delegación Iztacalco,FxS6y6R6WTDN6_GvX8YBmg
Delegación Iztapalapa,12oeAnwv9MnyIJopD9Sw0w
Delegación La Magdalena Contreras,kP9dydtozzSMrderGwcB3Q
Delegación Miguel Hidalgo,EyoL7DiYHXrc6FH9YshtWQ
Delegación Milpa Alta,CnivZRF7hVEMwou9cNBl6g
Delegación Tlalpan,5mg1uraw4H8QOO-RSWN9Jg
Delegación Tláhuac,-cJoprEzv3M5D2Kf2S9GIQ
Delegación Venustiano Carranza,8x9VCkHFtwWz9OgvRFkMcw
Delegación Xochimilco,qPyfB3qDQkpGKeFZm7i8Nw
Abasolo,pnOVa0XVvoo0gBAhkZ423A
Acámbaro,tJReXt5HlLHab2oJSdD-1A
Apaseo el Alto,DMrz2xIdN9O3x9UB0sSuPA
Apaseo el Grande,7j78_3f7nanpIzZZI4qoAg
Atarjea,V8bEwFnDTMB-5kVGe7GKWA
Celaya,2IruDWlfScwi4YRVdTZ2Zw
Comonfort,wQGWQqsP5NxC2Y0RmG2j0A
Coroneo,0tqVo6liUQFS8-uQ-YshUg
Cortazar,mNdCoVwXVwQUoivQ3GQy2w
Cuerámaro,Qp3D4n0a9Re76AfMFBEECQ
Doctor Mora,lLp71AtP_tTEuE0E2DX4mg
Dolores Hidalgo,vVNFuCi1nAsTm-sZvlAw6A
Guanajuato,qeffMJxYLci4hfTcZxryuA
Huanímaro,5cKwjxyhZpBDGVAgavMocw
Irapuato,4u7ajbDR07fyLbgCCLO-rQ
Jaral del Progreso,9vaHjFwH5aZg5oTmMUNSmA
Jerécuaro,gCQWNFJhbMLJkynCU7DHFA
León,lSFri4vUEKD2RU-MNsIFnw
Manuel Doblado,JS8bIv3Uv6052V6bHZGprg
Moroleón,UOD6ra1HDYAugXTdyGpbgw
Ocampo,71zu-NfOTk8Tiee73fqgaA
Pueblo Nuevo,-AflcVkxAo7_ex-pS-JV7Q
Purísima del Rincón,5j-O1YypeHqxMse_k8q96Q
Pénjamo,pTeFova0uik2lAKQtFvWog
Romita,j3RtsQxlbOCKfHEOFl6MjQ
Salamanca,oE8wuwQA7BV8hpPXkSIpMQ
Salvatierra,hk494gidfnGRM-78hEsLPA
San Diego de la Unión,VLmCgkcSqlwDeKAkoGGtLA
San Felipe,v2egLG2ojD6HOxICPLTKCg
San Francisco del Rincón,fLnaWioh2RqboT8aOdRYeg
San José Iturbide,baFHth7LTpK-B0pyDrHe_A
San Luis de la Paz,o38cjevoZnuvHfUm7lETWA
San Miguel de Allende,KOu1Ym6zS4uS9e-bD6qKHw
Santa Catarina,fRzyoEzCS0ve_-5L2br6mQ
Santa Cruz de Juventino Rosas,8M7ZSrVo8mSNIXlWOIUQdg
Santiago Maravatío,o_dD7CvSxv5UZoz4ylLarg
Silao,OPG7PYjDE4X_fa89HITgtg
Tarandacuao,1uL6YriFKdXc_TAuYt2OLQ
Tarimoro,wvS5P-_7ToTc58rn9gAOaw
Tierra Blanca,7nMIveJbMSqmV5gFLAuxEA
Uriangato,J7pyNbsph3PvfEsROOjWIQ
Valle de Santiago,gYXtuOkmfN3jzrc5BU_gHQ
Victoria,Sr_RHBIxGihYrJwXmHQBpA
Villagrán,eAmhG0qOfcHQyRpVcs8hxg
Xichú,kTHRSMWKdXjvXFuTyHC83w
Yuriria,lopx842ZDOspw0pnSSV8yA
Acatlán,mtSAWspNrBvsvrU63J8Cbw
Acaxochitlán,s3kCBcTC9KkG4NAlRfgpbw
Actopan,qNorpeyEJizt3pgjXsqvAg
Agua Blanca de Iturbide,iyQCVU_YxtdqcYmPtjMk2g
Ajacuba,obxUhDmRNhrZ2YXIXO5xvA
Alfajayucan,s_yvQwpV21WSrGhANvMJMQ
Almoloya,bro_SeoUJMvuuoUdknkBzg
Apan,ASkon93hrmRy3iwIdNbpIA
Atitalaquia,94dWoFigytRN62TzwVhWyQ
Atlapexco,W1tTZmioCoZNBeszDYV2HA
Atotonilco de Tula,S37nkn4rQ5CBf8qpVmSFRg
Atotonilco el Grande,07uYypxekSUlDo4CJowS5A
Calnali,pzIRooAxdlUz9uyQkFJEdA
Cardonal,_ao5HIdVFOSKNsZGPnON8Q
Chapantongo,4JOOxlmJ_Ga8KMsYSgmVkQ
Chapulhuacán,-O2d_CVjB_EHALVHbaN57g
Chilcuautla,Ei6nKgEEBjc7JI0mO_R2QA
Cuautepec de Hinojosa,uCjdh88LsMVNEwuOxLZNbQ
El Arenal,UNQzIr4GAv4HZ2_CLH1hBw
Eloxochitlán,bDZgzmtUmkO_dljXYj71kw
Emiliano Zapata,LkDTtwJg3gokEUT7nBH99w
Epazoyucan,om64us0atLB1wxt7VxaAQw
Francisco I. Madero,NPqg_3JrX2Kxgf-07gk6QQ
Huasca de Ocampo,P7-gpK0s8y9eWjVbdTv79A
Huautla,NFb4HNg35Aq9peKiz6IJJQ
Huazalingo,rhfok-mIu1jXD7PyZuKATQ
Huehuetla,8mj3PDuN67-_z4aLREcxiA
Huejutla de Reyes,I8UncSqDW6sTDhfLhYwQTg
Huichapan,O_7E_PtZhT6iQIWCacMbpw
Ixmiquilpan,ZYJJPPkpXZzQKlePxvq9yA
Jacala de Ledezma,AJsyv2zl8DmdeGumbshMnA
Jaltocán,DBfffev6sRVOlOtBXxT3Lw
Juárez Hidalgo,kdgsI-F6Uzd4TCny1tj3vw
La Misión,ww8HJVc4f2nIwkJl1ankaA
Lolotla,-rZQFVBW87BDDqdX79q0Sg
Metepec,TvP8-pMJo_rJzDn9rvLvcA
Metztitlán,5PAbD3ng_m-FMNWZ_Co5MQ
Mineral de la Reforma,jYV1m6jYFYtZZVMdCOn9ag
Mineral del Chico,dNJCBOgHmzdTKaYf8g3m_w
Mineral del Monte,H4QDwQZTgjK52-SBUxwk2Q
Mixquiahuala de Juárez,fxA_xwS-16cbe43UT7yF0w
Molango de Escamilla,Hij-y5crFC8CpeKlsEEwZw
Nicolás Flores,CZdOe9jRPN0FfFP7dMoIJw
Nopala de Villagrán,4pgSAquxK9yDgxS2dLvh1g
Omitlán de Juárez,TtYXVC7xGS_h23pNuVYKUw
Pachuca de Soto,TF5SC9iqDk2VXWW1zgj8SA
Pacula,O_oBwilW6lFm28sjYA5bOg
Pisaflores,qlQpvJH3M6u2w8K3ASuvqg
Progreso de Obregón,Lgw-nDuT3gt8EkBAm-s55g
San Agustín Metzquititlán,GVoy_LMqWUlelUymqRgJAQ
San Agustín Tlaxiaca,E5DK4GVbrGpnFcQ8PSStNQ
San Bartolo Tutotepec,GZ_hcm-fX9ptiNTFUVdJaA
San Felipe Orizatlán,7ncnmFkHAlOfgzOmOLHiEg
San Salvador,t3KSzT33cw9Ry7hiPI4dbA
Santiago Tulantepec de Lugo Guerrero,JII8w4fCH666R41wbUgZBQ
Santiago de Anaya,cZyC3bM95p8l0s6cMCpHlg
Singuilucan,hPb8o2HKUqOEVDRJMsZhMQ
Tasquillo,1XrCrGFKJilfIUN-EJck3A
Tecozautla,VaG_X_OOh4nDiqAlRYvIaQ
Tenango de Doria,GpzpWw_lxTToiicsC7mR2g
Tepeapulco,rg6wAs9fqY2QQUoMWZ_L1A
Tepehuacán de Guerrero,IqpKhVW9Zpfg-HzvWRnbnA
Tepeji del Río de Ocampo,9D-i6h9IW0lHEt6KapsycQ
Tepetitlán,dRV3MVwDHKW82lpcyc2lRQ
Tetepango,pLG0lnRvH_BPpOwuZ22KjA
Tezontepec de Aldama,PcZBikhK8nO9Bp9b45e2Tg
Tianguistengo,hnz4fQGA3o6P_qfz_Dgi0w
Tizayuca,uk1Pt7OZSUMs7tfOHbF0nQ
Tlahuelilpan,K91prfk7iQylR8mUzJOdXA
Tlahuiltepa,9zSbCid2dzSJ5BpEFCh_hA
Tlanalapa,QOu45-d3KBUgMSmSQg59GQ
Tlanchinol,DGv8jv_BGIyHbRBFNy-JXQ
Tlaxcoapan,Kys2UkrXKozTABVkd9MaLg
Tolcayuca,uH0uOQNIhid9AnRBA-Qh9g
Tula de Allende,ltNQWGdGV6fbI9cnLCGd-w
Tulancingo de Bravo,SxqsjSkIk6Sq7n9C4OY6fA
Villa de Tezontepec,sxVcN5BnmgJ2qnZ62rX4Mw
Xochiatipan,_XY94JBi4-2QFMr2R6H3-A
Xochicoatlán,euT9AHC3GDpe_eyRKZgKng
Yahualica,9j3__2ddGV36_-y44HqWBA
Zacualtipán de Ángeles,_p9vh-66cNIrvlsHob8Uyw
Zapotlán de Juárez,1OLC7n5HJmH96KOl50DlnQ
Zempoala,P85l0fHrvLfFMrN-dFrsUg
Zimapán,cVuuMRnzRCFA6qByMWnPPQ
Acuitzio,VKk1Q74Fx3yWDucsgxuffQ
Aguililla,aU9Nw9QFU9Xm6beVgcEqlA
Angamacutiro,fLajuM2g_6uBTjN7SUHeSw
Angangueo,5f6C_j7N_KrDFap6Pq3mrQ
Apatzingán,gro788-NyNGj4Qs7AECqXQ
Aporo,lv8s4mmg4tquNhZ9w3rO8g
Aquila,qXOcgOlHBI_RXq03HcSDnw
Ario,YpvmSjhDvVuDxRUSrVUmNg
Arteaga,OW3-fpqxK5nwvVdKSdK2UQ
Briseñas,Hy3xC4TMxZvgC5a2_qw9EQ
Buenavista,mVLqRl6Ddq9167a6yMBVaw
Carácuaro,VbMbRdgcfGgpxAEK5OPoTA
Charapan,xH9u3I41Nj7Zjxnzjo3zTw
Charo,KSiogysElVfwVTra_aINSQ
Chavinda,O_Y7Sr879Wks8fC-kylHJg
Cherán,fO26XIhsvy9roHgP_sAZvQ
Chilchota,xBDYyCEqvfXsxln0VGwGGg
Chinicuila,NxhOxbLE63hf4lP1JrEOhQ
Chucándiro,Xslh1s51JYsCjYHopaC96Q
Churintzio,IuqSpTNMWejKEeOftiMW-A
Churumuco,Y8ZrXrKDLBvr-rAKs9eXHQ
Coahuayana,A_z58SAz0D0DZyvdXh-JAA
Coalcomán de Vázquez Pallares,loGxbi4pI8BhrZYICOpTDA
Coeneo,1R2TyTwNbAqVxat6vysYkg
Cojumatlán de Régules,279HqNqVjSN_fOZDvTbxqg
Contepec,2kXy_ZrO8phsFUP4KNcvYA
Copándaro,sNZxdozJ3vEiGJ-dZR3I7g
Cotija,XEkZgJ0Zcj8T2qIdWATO6g
Cuitzeo,cNm8pxKgtnFrWAIq4UpMzw
Ecuandureo,KjjFFGIuhEMrmnW2I2ORWA
Epitacio Huerta,BSLn03h1PydvquMDomVJ6g
Erongarícuaro,ewtwuXETlhWC35FW5zDehQ
Gabriel Zamora,0RNhPArGhZO_01mq3TyOVA
Hidalgo,vUS08WHq73swo9Y2MrBPFg
Huandacareo,fsjNIXncjGLRK3FgxgCrzg
Huaniqueo,Dq4676-lrtd0F100Qwxszg
Huetamo,6xRl_azhAJ7MoF7_WENdCw
Huiramba,CHsSx_jIF8Nfl8L1ALqkmA
Indaparapeo,FVTBzBzftpHZbQdXXh51eg
Irimbo,MXy1lmHFekbloUMYh-RUkw
Ixtlán,AWYnUd_JKvQlx_1d57WPTg
Jacona,tm0wqk9kd9NAleoUU4SFkg
Jiménez,RTumCvCf4bVaWe2WMFapJw
Jiquilpan,YN4uEz5TCjjXQF55upHaWg
José Sixto Verduzco,-wipaIvUGTM_6EL0lX8-Gg
Jungapeo,SttSpQ8vHSj3UlPO3nb1eg
Juárez,OKeB5i3N1wdc7CFPPyRoaw
La Huacana,2W66FHzvsGaSK8zngqiwmg
La Piedad,ckuvqQreF3DQ_Ltcrq3CWQ
Lagunillas,NvW-f7CFDYEfhvuDYCN2JA
Los Reyes,Q5wubbBGPY9MYs9OnayJkw
Lázaro Cárdenas,kCEYV79-7uM0bvb623oM6g
Madero,QNEYcNh2ClEXK1vMzmd36w
Maravatío,ec17B5n3_sEHkNYQoVmJTQ
Marcos Castellanos,DSbRyiduobZosWpkIM3kVA
Morelia,YI5lTkbgJwC6pNs6VhMclQ
Morelos,KPO14TLytaensYHn6_YziA
Múgica,KtFheVoRYrYJlGGjgLmEOw
Nahuatzen,98GE7-rxb3KiKwyj63jEag
Nocupétaro,CULtt_CI3eDVERxfIo_bxA
Nuevo Parangaricutiro,6jlL0EiDAoxr5v0tIGEE2Q
Nuevo Urecho,ygH83ZPpY3xxJq_iTSqEUw
Numarán,vMcnxc-h6wmVs-avqrmYrA
Ocampo,FP5FgPY4I9LY5yUIBZzZCw
Pajacuarán,xjQ_7Le_TzxkPTfWNnKppw
Panindícuaro,3nB2xL-UB4mhK13VzeL_ng
Paracho,mfvUxZ6kE-HJy9qX503eqw
Parácuaro,Wdovi9TzuOACQVa8dW14HQ
Penjamillo,p1wriQHYVKU_z7xst13Ong
Peribán,AB9KKUsNMFJe-cOTU_qRJQ
Puruándiro,0c5XB6g-I2x7VHAqAiELdA
Purépero,UcNAvdvvB2B9npW14mieIA
Pátzcuaro,wDtDMpoSt7PEWaFUrjEsQA
Queréndaro,12j9w4Y9LDuMOiKVy72NvQ
Quiroga,3_lGb20sUaUgJt2PCDSRQg
Sahuayo,MBwN3RKUVxv1EeBzPCV3AQ
Salvador Escalante,jRPIAsmx85tU_5WVVLrcMQ
San Lucas,n2g5UCaQ3_gOIOglKdR0Sg
Santa Ana Maya,Q991KXrVnke27kF6xwA8Mg
Senguio,Qic37oep9efIJOqXgMaE3Q
Susupuato,IxQnrfBMHrqnnLSdYxhcIA
Tacámbaro,dS8gLVkgDcKQJ_0Z0Y6SDQ
Tancítaro,3EAivnYetBdpU1UTUaiRig
Tangamandapio,AWDT0pytSn0ctcl_tDaZ8g
Tangancícuaro,0mfVjTBDSo4SmHLS813dfw
Tanhuato,2j1IWRbSnf5bxDcirS-Zow
Taretan,k1OhEEf-veubnzUpKlZmtA
Tarímbaro,Ll5mZQEiQYZBTFwmxHvx3A
Tepalcatepec,das89G9gSOpyaMLiCure2A
Tingambato,ZIjRPV5ImPNjwHnoNuH1Qw
Tingüindín,otU1ZCVY46NZb2CYR8VZBw
Tiquicheo de Nicolás Romero,zv37e81wlFVXEaifUoBZkg
Tlalpujahua,rbvr5ir0f_7ME0h0PbuBbQ
Tlazazalca,RESe0ECzhjWajefXHpA5gA
Tocumbo,Cf1eONEEDN4nhRZT1N8lNA
Tumbiscatío,wkF0lh-2rrYH-IaDQMcB2A
Turicato,_vgh5lfBt_d2ui1aX1l8qg
Tuxpan,R8ueGwSN7Q0L9VPlVbfZNA
Tuzantla,V6odiPEueTcHd0L9x7e-Qw
Tzintzuntzan,L-YsM2pNSYt_7dKnk1XIHA
Tzitzio,a5sjnOFZvd6lKCy5G1UPDQ
Uruapan,9YEEGJ52021Hvn0Syfrq6w
Venustiano Carranza,E_Kv2V3BBsw57ERYVUzMog
Villamar,Y9MPtbQJxdGM2r4k7Je7Uw
Vista Hermosa,AdchZWXI-dm2u3I_-WizUw
Yurécuaro,1gElIOOyl3CPWAD2PbNRWA
Zacapu,VWspgOocBnTeS6okwpmMEw
Zamora,KtQlkB2AqVu6bLbOn1rhjQ
Zinapécuaro,tuDMA-hO-SZvrkb3poc4qQ
Zináparo,1GyUoUSAzWbGfln43dKdmg
Ziracuaretiro,hooQHwbnk5iI-moiJTPeiQ
Zitácuaro,utPj9NuC8Z0CvFV5UZTE8g
Álvaro Obregón,MsgI23iksQMHgHugEhRsZA
Acambay,p4QQNFkDt0rncXy_m1Kicw
Acolman,U7X7byN-7Zre765l8vgQXw
Aculco,Pxk7xFOU_x0GqlhcQ4yOJA
Almoloya de Alquisiras,BwgSMpUQj60yvLLlHRKJKA
Almoloya de Juárez,Ze6VI51B4IQtPYlPoZglCg
Almoloya del Río,T1jWmU42rAJdjJQj9sdURg
Amanalco,qTGvjlZSpJLqx0OIpGXKeg
Amatepec,2_WN9Bwf_5tMqkRrJ40GKw
Amecameca,F2-rm73_WC4LXOIyWJW03w
Apaxco,gxbWJJv4pyKGtctKS9yeJw
Atenco,4LXgZ0a3iHd1TDAp4Xpt-w
Atizapán,-wOF81-qpPwke45nGUMcNQ
Atizapán de Zaragoza,kkBpDY2zk8E0s90lxSSyPA
Atlacomulco,dMtKkcoJg4neAh8ucEm5Cg
Atlautla,S3sg3qNFtGNOwCCfl-iyew
Axapusco,PHzaJ0Y34d0LS_2EuIwxGQ
Ayapango,rIOoWrg0t9KjQ593t2u85w
Calimaya,u6VH15hENxTbG13DjQRYrg
Capulhuac,rlNo9yj6-BfdzroA_diSQQ
Chalco,KD0JvLMCX4f6M-g8jlbMQw
Chapa de Mota,vOUNpM259axFJCCs1RPfIQ
Chapultepec,n7QA2ib7FNMBOcrEMR1ovQ
Chiautla,UaAliGdUvhrbjs-WXJ5Bnw
Chicoloapan,QoQShkNbIA2v33jazse_FQ
Chiconcuac,tFQGbiv-s0gXxZg8vxaQFA
Chimalhuacán,URxQLhu32A0ZI_PnVwjdGg
Coacalco de Berriozábal,uB6VaRxQV9Aj-wBhnsenpw
Coatepec Harinas,gNO6552BNg81N6oSrTaPOQ
Cocotitlán,d-UVdqwKLhp7j2LZdJxFMA
Coyotepec,cU4UlKPCVAfhTVxHY7Muyw
Cuautitlán,8Tg9uk7em6SrsdCtuMS8Tw
Cuautitlán Izcalli,ul8-3ulX-7LlJ8yAVhXazQ
Donato Guerra,-aP8APSjXGQ2-4TjmlP9yg
Ecatepec de Morelos,flS3NvfODDELsOqLMwBNMg
Ecatzingo,bihL37NzXtlezm5srok-rQ
El Oro,jczgcrIFFtKnBb_HMiTurg
Huehuetoca,wWP2AtW1OXi1-NBgZQi4bA
Hueypoxtla,FKbbAHUfW7asnkEPCEA-1Q
Huixquilucan,_WLWzb3QP88Caw4yYyatNg
Isidro Fabela,xFUobMN14rlCPSKCxCqjBw
Ixtapaluca,HZtYASuTk1n0UZh32v-QrA
Ixtapan de la Sal,gEccI9uiiatcyStfPQtitw
Ixtapan del Oro,23r3EIFsD3cWNfSS1XiAmw
Ixtlahuaca,bhhUP-6Qh-zFgQG_Jikxcw
Jaltenco,yeYbgKICnegVpr9Dm-A9kQ
Jilotepec,DyHW8jFN1xBKWoDmiZFFag
Jilotzingo,ACozYwf3tYL9zOhBZOxl5Q
Jiquipilco,x_UWgNOuh5YzSIs4ICu8Zg
Jocotitlán,pr4ow7Wg6KSKy7ZZZEbhpw
Joquicingo,VeOhaiANweS78M5DYP7vVw
Juchitepec,vgh3D1enkUPeaAPy4nDjOQ
La Paz,fyTMua6REv1A9oHzCDPfTQ
Lerma,OdCbiA4K9_VtxOMlxLZsXQ
Luvianos,-bwdsdM4sXgOMsojNuqC4g
Malinalco,2zUBhx5_hu0CMo_92aQqNA
Melchor Ocampo,TI08GTx4prpfRFYYLQL4aw
Metepec,x9by78xE-qG0n3S1eAnd_g
Mexicaltzingo,iMGXh81XO3CMFRRD9A3www
Morelos,5NyyVw1JdUo5wjb2td2fdA
Naucalpan de Juárez,MKv11a-7mrAVg0x5nA3-WA
Nextlalpan,tbpJXSO8O-w1X0Ibi1mcqA
Nezahualcóyotl,wzcIz7U52RVcpuBFIZZBhw
Nicolás Romero,1eGx00xPg0Rr1mhbdPaKqg
Nopaltepec,5zj--zrzZLiJxRRT1vnRDg
Ocoyoacac,xPgmGsVEOoEuNNF15X0mMA
Ocuilan,DgYFkWIlFRtF--bY78K9Sg
Otumba,gqqVsY_s0Hq-r6S-uQxCVA
Otzoloapan,eUolfq75Ausuum09y8D7Fg
Otzolotepec,NrhLKW3JRQEB_IHOYDQqeA
Ozumba,6RnSbpZNhdRk9Rfhg3WURQ
Papalotla,L5YZWnQeA789WjLPgZfTBg
Polotitlán,Z3Nis4lxPrXNEAyfi9Pc7w
Rayón,6yMTJrKXHQOmSaVR2hWD2w
San Antonio la Isla,qbTW3B2QcfBqf6c9kBdlSw
San Felipe del Progreso,PCZAM00GguEeKyWwViLIsg
San José del Rincón,Mf0YsYvqX8B3cxjy745FeQ
San Martín de las Pirámides,6i1RfsO7C8Gbv9zLeGWv9w
San Mateo Atenco,Je5jotX_nAB-2qtaDWQMAQ
San Simón de Guerrero,4f2EIrRNFURMtk6e_UTOGQ
Santo Tomás,hzpcXpUJAFYujGRrJu0KKw
Soyaniquilpan de Juárez,rLQgZVX2HbGYKyTqeBq4nQ
Sultepec,UA34tkH8F3xCe_TTxTOgCg
Tecámac,q2i1rEvhWS2mgJCbxF86lQ
Tejupilco,UL1hJ3UqSXzFxIwXSAyX0w
Temamatla,tBQl0YMHymyNJjh8yKxVnA
Temascalapa,6LC1FO1gVjekHrq3aLHLQw
Temascalcingo,a9LMa97_JD7g6ZkelptPKw
Temascaltepec,frDzS6m8IGsfMA0yGMelMA
Temoaya,io5RtAF4RQpFhHxafJIJtA
Tenancingo,6crUu9_8w0WOrVW37ylJwQ
Tenango del Aire,GITvzryWrbbGgadUAe9hJA
Tenango del Valle,ySJLt27npzQwsktSMvs8DA
Teoloyucan,AwTzcrzyHusGkU76OdqMxA
Teotihuacán,NouG89AzLgqj2SgAjzQNgA
Tepetlaoxtoc,PUGkAeMQ7Ww3FnnKImzjAw
Tepetlixpa,Ni53CNJIqpZvHgeacfgvOQ
Tepotzotlán,1oSH_xKVWCbX9i0P4uExfA
Tequixquiac,_U8lm7yngA74rkLgYIijVA
Texcaltitlán,1TpykHzS1aC2AixsZAuVug
Texcalyacac,9wtEwHJro6bj931zUzIxdg
Texcoco,e4kZmcg3ykNhvFesk17l1Q
Tezoyuca,SbYu9jG7vYtcpmFZya81Tw
Tianguistenco,pXAxmv4pV8JGRKATFpt_rg
Timilpan,vzIEtJZDVzy9dWIpNWSlBg
Tlalmanalco,ZoXoFPMK8vV6-HLnEshECA
Tlalnepantla de Baz,wR-AZfn_FdflrAKqgTETJg
Tlatlaya,0pcxY5XcifjBbwF-ImQaPg
Toluca,_mOiiKY4cJ46VTkdk_hpCw
Tonanitla,XNSiNB13QbrFYnPdg-AZ2g
Tonatico,boWHLcedudAT5rBPpDnvpw
Tultepec,Jx5zu4_BZDXXOhlh0SK8Nw
Tultitlán,CnCLMmzorUUUE84GFPjtLQ
Valle de Bravo,8sVSvMCfuLZBlbpR3YJmcA
Valle de Chalco Solidaridad,3laZm-sXUY1OWXRhue2pXw
Villa Guerrero,aTtOm1RUW2DPZyfj7PkYJQ
Villa Victoria,odbIIOl-P_XVrh9k26nGXA
Villa de Allende,STYXQvXQxL_wzi9soEgkqw
Villa del Carbón,Cmgs5dsu5IYRIZRaKPmstA
Xalatlaco,fET0BXQf0OsalAtt-qMhzA
Xonacatlán,lCQzayvi2SENuNiFQc8I8w
Zacazonapan,qYyUxmf2qojXqe7OhJlT8w
Zacualpan,fTC3uEJF72nI4ce3E16-Rw
Zinacantepec,T4Q4Iz9N7_22G5MPcwkv8Q
Zumpahuacán,okxWOZDXyHJisPSVck21tg
Zumpango,pEAqogXu1ALKi62BNyzsCg
Abasolo,Bda9YetlDk7oSG9Ftfnlag
Agualeguas,06nopR-NqVLaha80OOOh_g
Allende,icrpS3k07PcM9AGh4qG33Q
Anáhuac,BDxIMYxqbE4u04WMki_ZEw
Apodaca,PTScK3HQfDaJV-43aVlEdg
Aramberri,Y-tC_Q3LSQCxWT4URT-TPg
Bustamante,KtSWGHd0T2t_ZRwzzbCLhQ
Cadereyta Jiménez,E5uGKR8F9dHgf4tIQyPQog
Cerralvo,QFBUmj0LjMTz4FHnJFmbdg
China,oiCYyt6vIGMGbPlO3BRYmA
Ciénega de Flores,DT29Y2KrICg7CGvjHB2Olg
Doctor Arroyo,ABZTDuMSp5GhqV975NCCNQ
Doctor Coss,ZTVGKz1bJqJMloBzSfvLcA
Doctor González,JxIlxx0jIGmkBGEyk4wITA
El Carmen,FlTJb-A9VvCdc2bxUm4P0w
Galeana,Tipwcgg52SougerwxFk4-Q
García,i8jB1_23T0F9KYXIPGs6wg
General Bravo,WSX3YJpVaqkUd2O0zV7pwg
General Escobedo,L-KCQzcoDhVK6auXOWbHkA
General Terán,q-uVk18E5GiZLUMNvVYSSw
General Treviño,jb2twsPz0EDs5U5NRiTM4w
General Zaragoza,vQYY2B1oE_D0W68Ns7lKwQ
General Zuazua,vb6UMEEntGtM6lyi1xPWPQ
Guadalupe,PgB4IAFekxChVovnFisQ_g
Hidalgo,_4OcChzISelAxWyWpVdVqA
Higueras,1Qiqd_b9-fkqCaknSZSc5w
Hualahuises,oYIF682_h8AJfs5O67R6AQ
Iturbide,2inRz7S50wcg9ILfh0TZjg
Juárez,eVrTWwC8967vMIM5Onm3_g
Lampazos de Naranjo,AXUt0GIOMDDCPHNz0RJqFw
Linares,48HmcG989_911DiITho-Aw
Los Aldamas,GjM4dC0aKiA4b371tVHYUA
Los Herreras,96R__DSRi2qpDPubBWM6fQ
Los Ramones,V9qY1t-Tu6rFVvIXQKfNxA
Marín,KPJL0kNauyk1eeNogS8tww
Melchor Ocampo,kpEwM2sWILlZIAqt8FYOew
Mier y Noriega,0goQAvqoVix9tymO_bBbOA
Mina,nxgnA0FbZix3dg3sentnyw
Montemorelos,dEX7Bw8bwNU7kwDlEleBgQ
Monterrey,soNmjQyvlLfRXjy-Yz8BRw
Parás,WFoCYzHUg7fE8eNO9TWK6Q
Pesquería,nkajH8KbcWIVCPFacl7SlA
Rayones,IrldlqQ-ilFO60KVWkrscQ
Sabinas Hidalgo,Zww_H8LPuPMHpzKdLF0law
Salinas Victoria,ApXavdab7Z-I3YYVD-2lPg
San Nicolás de los Garza,_H3ub_MBQz_m-5QbpSuwlA
San Pedro Garza García,ymtVrsyUvjar5QK16pUJ1A
Santa Catarina,0BgTVIKya7nONAk1uJ6Wzw
Santiago,AYkOiKefj_nrRXu_W-B1bQ
Vallecillo,oCNCOnlcOAm8i2RnosGRFA
Villaldama,MIP0ZCobJEDMpmnA68CsSA
Ahualulco,EQg1rKSqLq9z4AGomfTZpg
Alaquines,Cf4v2-yVvKgbh5VcDiXWLw
Aquismón,PfUaAtb2CHsIHJzYyCX50Q
Armadillo de los Infante,T-JW07Vd8s0auchisKghfQ
Axtla de Terrazas,TnByy1P3DFG2Nak1mceHIg
Catorce,j4iXtnMWFvKmvuMIYqrttg
Cedral,Id2-hPuMOValHvbHriwzqA
Cerritos,QpsydqUkibui1z-42-CpgQ
Cerro de San Pedro,r7SK_BPTVs2_ECUNgj-YVg
Charcas,VpaX6ni8xiFADen3i72zPg
Ciudad Fernández,U31_1orIzrNsrsMBOyaiyQ
Ciudad Valles,erfDAn0zOsQIF8HHj7fO4w
Ciudad del Maíz,PhRiDlc8zQ68i-8f2sAYjg
Coxcatlán,FgZMiqNWAmN6w8o30kzhGQ
Cárdenas,k1ZegT0wYupndFQZpTEmCQ
Ebano,7EesqjEAtv8Z1SRG-wNveA
El Naranjo,IZD1KCfJW0iqpkmbrBG5rQ
Guadalcázar,Qa4B33EJ0ObbFiZd2tkPfA
Huehuetlán,SHaoeKPkL-BeS1D2WXymag
Lagunillas,aSm93rsLRznWgtHZQBkz1A
Matehuala,WS3w3yBNWIqy1XYkZIqtQQ
Matlapa,VS-v2rdUuMvWMMlrhDEafg
Mexquitic de Carmona,_hupTabl7Y4XnSLLFrnrgw
Moctezuma,P8pfPFsJfhrCLGop64CbLA
Rayón,BvEqp7DHu0jljr4XKBBjeg
Rioverde,nRPQYrIijhrMsXIG8AJrOQ
Salinas,YFEpe9tR0GjzPZyrFD-tMA
San Antonio,wQ-sRJpKYeOM0Tw84haYow
San Ciro de Acosta,N7RVFfcNyK9URCS1iQJgwA
San Luis Potosí,JBuwtsulVBtLzfwzkYSbOQ
San Martín Chalchicuautla,P74euSritRv1f-G_qHGcnQ
San Nicolás Tolentino,vV0D7V0OSQdIru5SXO4RTg
San Vicente Tancuayalab,OfSOPTMBTcgk3akA_uTidg
Santa Catarina,qZSunPbr3RF0L3HlKgpqsA
Santa María del Río,tcFxDzEpDrThoa3-0E555w
Santo Domingo,gdNlm86Yl37lJjCvudPhEQ
Soledad de Graciano Sánchez,Qn9EfCUWkvEceoMybm_WvA
Tamasopo,k1SFDgQ8MVh7nHStyo7YFg
Tamazunchale,8GDZ5VV6L1FV9_4WkvPVCg
Tampacán,hrjRVlaKDdaZVy7O-SSYPQ
Tampamolón Corona,QjT-2BDpnOTxb_F41rpZ2w
Tamuín,nAKGDwn34f3qQQ2F7mCDOg
Tancanhuitz,15cicdvaEYp_ZQq_wv4vHw
Tanlajás,8swh9XX3dSZnp_0AKwOXJg
Tanquián de Escobedo,7AyTEdw01P5Zkrx03udD2Q
Tierra Nueva,P4XHHpMVhzpS6f6Q0Y4gjg
Vanegas,UTArPk2FV3jhxdJBwWLbaw
Venado,_tyentWn5vu1q2cv5bECQA
Villa Hidalgo,_LvkmFAPckn7rFsYBCYPjQ
Villa Juárez,Gjg4agw3Okghqh9wYuCfnQ
Villa de Arista,cxj6AyemjhukEyX6dUTAyQ
Villa de Arriaga,o9oUGN1B_T2jFGpkK7FqCw
Villa de Guadalupe,LgQJgc30QFJo-umQwPKM2A
Villa de Ramos,hCa6SPAbF9moEhmFPfZAiA
Villa de Reyes,kE0qvAutg6cGJTAy9zITVA
Villa de la Paz,_pwfqGrsOFlMfcGOTUiv5Q
Xilitla,18iGXEd2SRtQaKOK0ojd1Q
Zaragoza,xoCe1EptIalDdf2sWu73sA
Balancán,NOmEwOpjBRLju_QP7HWxWA
Centla,HaymqeDbdkhAwJjvvp19FA
Centro,15qqhDiPyjzBQ4ar_GohNQ
Comalcalco,2kL396ELHy-6OmUNZ5xKuA
Cunduacán,N7zWTHWi-E4ZfdqgDJfkhg
Cárdenas,CAzlCdO-870RdwHS2JFs4A
Emiliano Zapata,jDl2OsU_iLnMizudPDI4YA
Huimanguillo,w0X2GqzQDvMN7vLMTKkbfQ
Jalapa,Zf3t34rHPat0hdRzlAhTbg
Jalpa de Méndez,gu5CXfGMfaN6K_0dXIrrsg
Jonuta,fvsDBKPat7K6GmkmiMw4Aw
Macuspana,46rYOvx2QQSgI9zSR2d2dw
Nacajuca,jVUhGxSRVUBPilGFv-gGlw
Paraíso,OBorEeAE_dWkd3ZdVAwffA
Tacotalpa,IslOX6WT0JAlLuR41d0F7A
Teapa,kjhOJUvHcj4EROxk3nLX_Q
Tenosique,lFRL6m43Bb6FJQUSsJynWQ
VillaHermosa,bJ1rQz2LUIfEJYIuXE3rUg
Acajete,8R-vDF2lpZYYs_m3_eKY5Q
Acatlán,LNpj1aIneGO--9G2ckscDQ
Acayucan,vwOAKPkF_87OEcCFXwbxjQ
Actopan,ObnrsYrNnaZrUM3JbgE0rw
Acula,2LdZm9sI6qixMI4Lk8BHBA
Acultzingo,MBmSmqd_xvlCw5rascdH_w
Agua Dulce,lsZecR_ATt-_m1dqMKHK8g
Alpatláhuac,gxDA-LhInBfHJd6fkThl_Q
Alto Lucero de Gutiérrez Barrios,g8a0JD2MIuQd0p4-f9lrEA
Altotonga,weQQ8wRdyiTpQKfP5O3GqQ
Alvarado,atZST-0okNAXzrcg196XZQ
Amatitlán,Y8EhoiJ7km24WzDmC4abDg
Amatlán de los Reyes,tMwpsdq3zUyNYabvDkUzRQ
Angel R. Cabada,8zRo3K9nzI78p8YMnklpxA
Apazapan,sCvWfeO5o9f5Q0oAi5aGcw
Aquila,FOizLQspRd0jU4BwXnBeVw
Astacinga,3Nt-UXF2pYJatUY0E3cFdw
Atlahuilco,7HdYFJZCf9b_lCvU8oZ0_g
Atoyac,-DHr1KuY8i3dcc9aPl_xeg
Atzacan,0NYASv96syrxOy1u8hpr9w
Atzalan,5rzC_w_kX-EMnguKsZEw0g
Ayahualulco,bBqOgntzpz9ptKDWNsIwMg
Banderilla,ivehx2DbUA9S8v-eQ5i2cw
Benito Juárez,yLnDl9FlnOO2BmZ_Osnclg
Boca del Río,8f4pJxMheztARWjtxJYSdw
Calcahualco,gMSYDOtbq7qK6Odh1adiVA
Camarón de Tejeda,CMd3ttudn0WnO8eUF2Q1bA
Camerino Z. Mendoza,MGNWXcmU6hm7UmRgGOX8pQ
Carlos A. Carrillo,FmSEN66qMRiRBG3pQB0DFA
Carrillo Puerto,r3x5mz-oYBEmQLsEkgHH0A
Castillo de Teayo,GktgEDs-GaJPXkrHU3NUiQ
Catemaco,beCB9QtQPE_tMKJRdq8_ag
Cazones de Herrera,gNE9iA0Cu9DxJQwLRjt-mg
Cerro Azul,dqszfMCYI1zbMBLX46yZVw
Chacaltianguis,WU-_-piQ3zlUkT7El7vTaQ
Chalma,Vfl3xtQg8SAUDw-8g1F3Xw
Chiconamel,QO2i2w8YWMIARcOeagTsUA
Chiconquiaco,V7B9EoCK_BzQ_2ib0LXUAg
Chicontepec,1byIH64zAnHPf1gMqz8IGQ
Chinameca,-8uWo_8-j2F0eXD00h9tgA
Chinampa de Gorostiza,ZuZNY0HlDX3uvImLokeidw
Chocamán,5Tmh5SfltaXkWrMsB6h1IA
Chontla,HG2t7PvNsHeORjHxib5KIQ
Chumatlán,tT6WljL7a6HCMAXgLXB3fQ
Citlaltépetl,_7bEgCmb3Fl0pQoS5a7WHA
Coacoatzintla,7KAjTuWrZNHOwaFIYT07xA
Coahuitlán,pouq_1V_3_nNMoAB2VfXUg
Coatepec,TB_2IDmwhB_3maiZBbmAGw
Coatzacoalcos,KPWAlbNqbk2xNGdDWK-ZZw
Coatzintla,raeCIx96v2brz-wFqnlKng
Coetzala,uJQOBXMpCcwDFwCDG0mwAg
Colipa,D8uN5CDDiJ041QXnGFjmZA
Comapa,Tq0Wa--alRxWwlQHk8WzxQ
Cosamaloapan de Carpio,wbY8Z-0S-6ina2SR50IibQ
Cosautlán de Carvajal,XKAM0O2sYq8Pu_Wc3Q3v1A
Coscomatepec,jc_Z8F_asZkQN9ZhgNeu2A
Cosoleacaque,1Rv8Ij9Z0DM_w2wOE55c0w
Cotaxtla,Ws-juQbrUAPrmDGAC3haTw
Coxquihui,OrD5aOLA-GQeFJUvrk5ovA
Coyutla,2Wkttkb3xGZqmw6nrWJrpQ
Cuichapa,MoEnVhBs84OYe7zrR3n4RA
Cuitláhuac,GYrB6VJPTink1lGnQ9tB2Q
Córdoba,kmXHznRSS-Zbir15mGpTmw
El Higo,sQ38pLTUMoWpoPWB19bviw
Emiliano Zapata,CRTAXfdCEx7-2QncY8ybQQ
Espinal,NxKoDCrRed-UjHfkxrdsHQ
Filomeno Mata,B9-vIhb92PVjcZuNg8dlcA
Fortín,AOHKMaxUJ-ex0OTosWd5sQ
Gutiérrez Zamora,75hF_W2bcmhvutvoOFeM6Q
Hidalgotitlán,_-476C8QPhNBk012cN_MVg
Huatusco,nvMs5EzT9hX-qS6tuAGM-Q
Huayacocotla,yzcQC75livFFRlGjhkUykw
Hueyapan de Ocampo,ZNRGUpnyxGz8NlVFvHKswg
Huiloapan de Cuauhtémoc,bb1ZlNSVvwr8QJATgfVQ7w
Ignacio de la Llave,rnDvEOEYxGZ-tdPEZKHwow
Ilamatlán,GQq2eeFPxmY8vyKkAnsYlQ
Isla,z9g_w78U8Rqo0QUQCN01pA
Ixcatepec,4nFHc5ht3qxzXJODo6k2qA
Ixhuacán de los Reyes,kAy6qaqLdlMchfq7cwwfVQ
Ixhuatlancillo,Uznllm0b-BceaqfGgm757A
Ixhuatlán de Madero,PQGftZi0tJT-z1qXyP3OVA
Ixhuatlán del Café,BqVuwEoNvS7DJTGrw6Uy4Q
Ixhuatlán del Sureste,m4zWCh1I6RWpiNA01bkKpw
Ixmatlahuacan,cTIhB4uSfy9oS9Rn7Oy2Sg
Ixtaczoquitlán,avwX0Ac2bIN-B_HGeKCCJg
Jalacingo,DiMePgs22pewjkTtOq4xSg
Jalcomulco,ZY_FqiexK0u3vPks3eEn_A
Jamapa,QEjFsJd8Vr5P1kbkGyYfBQ
Jesús Carranza,2ZBBjrh3JPBjam1QHjWHyg
Jilotepec,4S-mBgmNBtjUJu7ID0SiRw
José Azueta,v08FX2NXq8grEJ4Ic28G5Q
Juan Rodríguez Clara,fu5vMA7hkDd4bp4PYRMFrw
Juchique de Ferrer,ZtsJg8Rnrn0ODEv0wHi27A
Jáltipan,ysckItWRVEcQQaO3SZ1FJA
La Antigua,UGT7xZlPQ_rDVcIk85EloQ
La Perla,ws0Vjo0zYXTqd8LR5Jv9WQ
Landero y Coss,-gTNqxBQj7f31Kdoti-JHw
Las Choapas,EviVw5GZGA1CF7fQnpwNAA
Las Minas,85mcChAdHX2sOoK8vRqYSg
Las Vigas de Ramírez,LpoXwfwWhBvN_86Wi4nU9g
Lerdo de Tejada,30I7jgrOG786WG9o-lCDJg
Los Reyes,N22Bc0GsV4agO4BvbMVX5A
Magdalena,btTqh6uVksx4GlUYGYERLw
Maltrata,Ts8bXblH1JjcvcNJVGwWkw
Manlio Fabio Altamirano,ydtU5RmvbLyGrguVGnCeVA
Mariano Escobedo,nhz4ZkETYWwkZy9dh-TpIQ
Martínez de la Torre,87_SwNv5qL06WUcNxAzvrg
Mecatlán,00yqJ7Zx_Bf6_dZUY6sJDA
Mecayapan,37YZZAQO2sTOJdV_a0bSrw
Medellín,cw8_Bk8HDXhoQwKQ44ztzw
Miahuatlán,VBI9l-Zir_hRnnyK40iiZQ
Minatitlán,YW_hjxHBds3LmB_WC9HhSA
Misantla,Y5fyoR6ZpNaDqsUbyJQIOQ
Mixtla de Altamirano,9qHGjnr4WaTU-Om4kU4Zkg
Moloacán,cOAyoxBZ92JabEOgEWiO7g
Nanchital de Lázaro Cárdenas del Río,0F21idDMVJrWB0qaYuQu2A
Naolinco,AuWcsipnjtHtNTgXssnhtA
Naranjal,36EEZbp89XR_aVvlG-JJAw
Naranjos Amatlán,t5h8Bas73qzsygKl4jLN5w
Nautla,I96WcIQk6WOhqwZ-pr4P-w
Nogales,cmzWmhvkDgPQ96Ytf1ZUUQ
Oluta,dPJ-KrUss1HZriOIAyQcMg
Omealca,kmJEs-ETbPxDYUf8Jy3N2w
Orizaba,Miql_VQtEt37ygv-LD0nLQ
Otatitlán,wIvA0dkBJ3d9Xkw6bWhRsw
Oteapan,xcD3Br_I7eu4mUun8mEpMA
Ozuluama de Mascareñas,uW1Se6V4irWbBD1o8MUMgw
Pajapan,3BWEwO4wL3xZHFk8ICqiuA
Papantla,UcsFtnh4cJ1o5WkZ6__xHw
Paso de Ovejas,97yqAxB4U7kMthYcxhu0EA
Paso del Macho,U00RmgPq2vuG6vC83cknMA
Perote,Xjd2BTp4JbsWvdTRj8zJVA
Platón Sánchez,EyKAYlbnm3qh-2_RlzhRsw
Playa Vicente,rXg0SnALnUH0QRGF9ZxVqQ
Poza Rica de Hidalgo,F4dXsTRt1TJR9YqS4rzKWQ
Pueblo Viejo,ehPntm3fphj7dnCk_tUzAQ
Puente Nacional,1HPf-AP57eKsk3AXcM09Qw
Pánuco,_rfJkIkL9a3FKpea_laR0w
Rafael Delgado,ZQeYvSiLISBLfoVZebowmg
Rafael Lucio,hXUQNmNskkYpn_Z-HgI0CA
Río Blanco,gAnnMV23uvW3HSuISzvb8w
Saltabarranca,eVl4C-LrBmusyTCO3i9i9Q
San Andrés Tenejapan,f90KytWEBsdXYGWf0LkGQw
San Andrés Tuxtla,gZs-CnFsc5XUh-BwihU_JA
San Juan Evangelista,uLP5FwNJjz-RrHFtJIQY0w
San Rafael,R2IE381La3Av2NrnfnRVAA
Santiago Sochiapan,PJSjCzTarzYvVpOTuhQdvQ
Santiago Tuxtla,Pm50PjykLMkFGasyTlGhYQ
Sayula de Alemán,2wnsA9lG-nsZHPBNqA5p0Q
Sochiapa,ACXUOD959qwrzwZ7S67RGw
Soconusco,HSLGS2_NoEJgE9sDgJ--AA
Soledad Atzompa,LQFWmDQfuNpmVSNEPkX7Kg
Soledad de Doblado,Qli-LcDghqR0vvavd-60tw
Soteapan,dmCiLfR6OMZZ1iIInPp3Uw
Tamalín,koQU5pqYBk6cH_26jsHkvw
Tamiahua,7HiybB1jGbSn8AVmy1S-Ww
Tampico Alto,Vcl_GEEsPhFzMK2BYQFobQ
Tancoco,NHcfb4LFREXpeUHrg3cVPQ
Tantima,zydAeGk1yQB-XM8x8eUAkQ
Tantoyuca,Ygbv-3v5MTDWTPpQie-4CA
Tatahuicapan de Juárez,Z1jt1sylTfd-TGMFm6ymEw
Tatatila,a3OBIymmp34e5h-5Uyig8w
Tecolutla,5U0HPQ0GDFL9zl6rk_civA
Tehuipango,qJHyYLDRp_dWtN8B4xTiIw
Tempoal,8UXsGjRZHZxJXpfnJSNQew
Tenampa,wP0epEYbJMgp4WvoNbLf4g
Tenochtitlán,ZFOQLfWxx8dKNAJBFrN09A
Teocelo,odeJ1ZOgWaImWQqmxL6GrQ
Tepatlaxco,Crr1DWKjGF4mkRqyZR1dEA
Tepetlán,XOH7xfQeTjh0SpmivrmXfA
Tepetzintla,ccu2ARqAvEYVpYStZd1g2w
Tequila,nQkVxgv0KRj87tjkzDF-zA
Texcatepec,nhOq42VCXpMUaS3ZESMSnw
Texhuacán,swmcJD1DT10CtwBLJ5o1Aw
Texistepec,bemsO7DXMpAq8hDMSSRLag
Tezonapa,OBvS8fFG9LlPiDynvAB7cQ
Tierra Blanca,qzpc3C47-mpGZma9urg4cA
Tihuatlán,45GUzDB3DiLP1U-wN-IQOg
Tlachichilco,2_UAg_jtlY1aUpIy9B2EcQ
Tlacojalpan,QidjNTJpw07vhVoeVumilQ
Tlacolulan,FAbZlbO59poT36f6TX8L5w
Tlacotalpan,sdmDFKk7siqyrylyXu9lIg
Tlacotepec de Mejía,0PxUUodZ_OqpjUW7DUJkZg
Tlalixcoyan,gEjj8tBEeEO18arTcAANwg
Tlalnelhuayocan,5AyJdLpPWdZfEmJ-dxV9GA
Tlaltetela,sh0w0tfnjzHeyWjOAHy5ng
Tlapacoyan,5WlWJhJgk_5LIzkdziXPaQ
Tlaquilpa,B-Uvrz6r2qWBhrb73pHu9w
Tlilapan,URK89vPjP27tjD6Fb67G3w
Tomatlán,F0QZqRJu_J8GeZq6MogF3A
Tonayán,LwOs2ZKU49YHFelNHdG1TA
Totutla,nxLS_L5JIHR5jMWaLuU1pQ
Tres Valles,ALVd-U_WMczLhshDh6FpOw
Tuxpan,c3WKfhtItEDLvLyrjgEWLQ
Tuxtilla,wkqXq9Sgj5H5bwhtbhj2HQ
Ursulo Galván,ziY1o4zASyHcR3NwTmMP3A
Uxpanapa,8ql-C_flTY91536OlKS_vQ
Vega de Alatorre,DBJV_Y5aDibDGBLJmHWjIg
Veracruz,7Uhzrk6x59w0xQq4Q1LkxQ
Villa Aldama,89tJdDDatdxzfL-IYNza1g
Xalapa,KPW5LVxammnP9rmgKwOjdg
Xico,N_dELwtnHOLlsUGHMfNS5Q
Xoxocotla,3RK_J_ZRd0GtiS7HuCDzkg
Yanga,g8LHPX9LGH0buM7VKX-4ig
Yecuatla,kTYyWKuixz7OO4y60F1mjQ
Zacualpan,Dnl4McXh73R-NBm7S3Fa1w
Zaragoza,IRAIeJUduGKs6ACO-0RvIg
Zentla,Wi6bzx5wPdyJnSK2bYITPg
Zongolica,ijF_PqxKmkLzHlcEvwmJaA
Zontecomatlán de López y Fuentes,SdXCmkTtcK2qP93Lf7VIIQ
Zozocolco de Hidalgo,YDIibXek0dSnZDE3DUWGSg
Álamo Temapache,aTmit0aBXbi28_3MgDdIFg
Apozol,8UjueXF3Nfh6EjmsBYinhQ
Apulco,CTfnprrrxN6NMfEb16i43w
Atolinga,VNtE9KkhivFX6hv_1bYcXg
Benito Juárez,eOl-ef1ZC4zd35F0lDr6pQ
Calera,7h0_1Dxf1fTOmg4sN80uCg
Cañitas de Felipe Pescador,WT7CRIRXITcT19EG38bFSA
Chalchihuites,BH9ByfW1BTOCIG-DruD8OA
Concepción del Oro,0tLmatNUdpAb_dLqt0-5Lg
Cuauhtémoc,UL5rlJ9qkhPEKNMZqhVPog
El Plateado de Joaquín Amaro,QVUrrxmE813jgxRrMxDvUw
El Salvador,gB-MK4ziQq0kK2YyWbWNFw
Fresnillo,2THF-6cdOINzKjckhmE11Q
Genaro Codina,1R5jnfRpFiux2SQceuTueg
General Enrique Estrada,-R00AfJcc_LXjwQHrjaw_Q
General Francisco R. Murguía,actRKsCBMtK4Z0HaUuwWCw
General Pánfilo Natera,xcPiH-cw_a5UPq8QVGEXng
Guadalupe,MrQDTEx9nCvRgX-BfOV5pw
Huanusco,3oi3PH8C1YqFgr6Cs_pfkw
Jalpa,KH5KT5qLRDvUSxK84SG7hw
Jerez,VC3yQL4WH8Ee9kxYs6Lxaw
Jiménez del Teul,lxCgBCdH4EZWAErF3yRsNg
Juan Aldama,1CtV0b0pptaKioCr9M-MWg
Juchipila,WC_hGqqSWgX2-EKylMJ1EA
Loreto,AewvtxQuqUdOSsn2ruiYzg
Luis Moya,9Sm0MXgaPcfK2hx-vnoC4g
Mazapil,sSWOW8PXUwXQv_9rHuko4w
Melchor Ocampo,eVUYKeGFj_XaHhY_yOi0jw
Mezquital del Oro,uEmYx2eMcmf_CCUrmSztEw
Miguel Auza,cxbvKr2gUK2LpaZHd2LbZA
Momax,adTahluWnKlpawj7R1ONvQ
Monte Escobedo,Ur2Cm_niOx_drUyYfrG3Tg
Morelos,BESwPqZvjYoCdZzTgXyD_w
Moyahua de Estrada,yyZdSqC11ZmjzDQjXj3Fqw
Nochistlán de Mejía,2HsMqhxbZFT6Mh2qFkUfew
Noria de Ángeles,CuTx6aLi1wHUzyNB2GzwfA
Ojocaliente,nFZ98RivHx84a_MPWzrNWg
Pinos,WhwY1UpBIp4Yt9f9CZQ4hg
Pánuco,XF_XQJtDRM3pKt8mmN1Izw
Río Grande,W087o6vPBnAKYOXhxkVKCg
Sain Alto,w_CsjhYO6RMgnGhok30XBA
Santa María de la Paz,M-KBmbcBCA5lntaKldNCfA
Sombrerete,kkx9Sm13oEBrGzd02W5Ysg
Susticacán,sYAeu2ZmwFLQM_1izKZwxw
Tabasco,knsraQLdj4G6-Mq7oRTzcQ
Tepechitlán,5JFjFXTKpfjiFb0Jlvr3RQ
Tepetongo,6k1SJ2IhsGva2MsREOzPhQ
Teúl de González Ortega,wqq0Qfg5m_jxz2Hi3bO4Bg
Tlaltenango de Sánchez Román,_rB4JAmF8REkoerCpToddw
Trancoso,UtP4prIYQQGsp36ZyvbAYg
Trinidad García de la Cadena,cd0lUw5x4Gy_MrXaG0SIkg
Valparaíso,IcqGP8c6ACZ6WaV-TzJzkQ
Vetagrande,QFEEHPvyZztQVXw3EpdlZQ
Villa García,zbN1xX362PFmfLARudRAlg
Villa González Ortega,vq7p9zhXx8oyJBahH6eAJQ
Villa Hidalgo,I73pYk1TcLM7TqHUfkIYYA
Villa de Cos,F6s1FCszzKMHEvu3CmpxvQ
Villanueva,yqJPLrsEBpaMunhbUduPDg
Zacatecas,IELqKtLJJ3daSzEOBE9AXg